{"cameraMode":{"drawMode":2,"name":"Shaded Wireframe","section":"Shading Mode"},"sceneLighting":true,"audioPlay":false,"sceneViewState":{"showFog":true,"showMaterialUpdate":true,"showSkybox":true,"showFlares":true,"showImageEffects":true,"showParticleSystems":true},"in2DMode":false,"pivot":{"x":-1967.4869384765625,"y":-1996.5885009765625,"z":-346.87554931640627},"rotation":{"x":-0.2660923898220062,"y":0.6399067640304565,"z":-0.25210562348365786,"w":-0.6754076480865479},"size":6127.28759765625,"orthographic":false}