{"cameraMode":{"drawMode":2,"name":"Shaded Wireframe","section":"Shading Mode"},"sceneLighting":false,"audioPlay":false,"sceneViewState":{"showFog":true,"showMaterialUpdate":true,"showSkybox":false,"showFlares":true,"showImageEffects":true,"showParticleSystems":true},"in2DMode":false,"pivot":{"x":-25.63404655456543,"y":39.340110778808597,"z":-20.150699615478517},"rotation":{"x":0.24388161301612855,"y":-0.6162912845611572,"z":0.20903128385543824,"w":0.7190391421318054},"size":2.5578837394714357,"orthographic":false}